{
  "apple": {
    "healthy_N_mean": 20.8,
    "healthy_N_std": 11.863704090522265,
    "healthy_P_mean": 134.22,
    "healthy_P_std": 8.139664699122527,
    "healthy_K_mean": 199.89,
    "healthy_K_std": 3.32087064159112,
    "healthy_pH_mean": 5.929662931809999,
    "healthy_pH_std": 0.26893158295169534,
    "healthy_moisture_mean": 92.33338287560002,
    "healthy_moisture_std": 1.4585509882538163,
    "n_rows": 100
  },
  "banana": {
    "healthy_N_mean": 100.23,
    "healthy_N_std": 11.107241245278148,
    "healthy_P_mean": 82.01,
    "healthy_P_std": 7.6903389477521165,
    "healthy_K_mean": 50.05,
    "healthy_K_std": 3.3825906036526487,
    "healthy_pH_mean": 5.98389318024,
    "healthy_pH_std": 0.2706498328196709,
    "healthy_moisture_mean": 80.3581225811,
    "healthy_moisture_std": 2.805480833537502,
    "n_rows": 100
  },
  "blackgram": {
    "healthy_N_mean": 40.02,
    "healthy_N_std": 12.664258144219675,
    "healthy_P_mean": 67.47,
    "healthy_P_std": 7.151258983598975,
    "healthy_K_mean": 19.24,
    "healthy_K_std": 3.1881092208455475,
    "healthy_pH_mean": 7.133951629480002,
    "healthy_pH_std": 0.37253325552504274,
    "healthy_moisture_mean": 65.1184255887,
    "healthy_moisture_std": 2.7983263355658283,
    "n_rows": 100
  },
  "chickpea": {
    "healthy_N_mean": 40.09,
    "healthy_N_std": 12.150649481747172,
    "healthy_P_mean": 67.79,
    "healthy_P_std": 7.498545313471261,
    "healthy_K_mean": 79.92,
    "healthy_K_std": 3.261901286060018,
    "healthy_pH_mean": 7.33695662374,
    "healthy_pH_std": 0.801126797598748,
    "healthy_moisture_mean": 16.8604394237,
    "healthy_moisture_std": 1.7119785494336006,
    "n_rows": 100
  },
  "coconut": {
    "healthy_N_mean": 21.98,
    "healthy_N_std": 11.761931401901233,
    "healthy_P_mean": 16.93,
    "healthy_P_std": 8.357244483293243,
    "healthy_K_mean": 30.59,
    "healthy_K_std": 2.9986360535780565,
    "healthy_pH_mean": 5.97656212619,
    "healthy_pH_std": 0.2876324408982468,
    "healthy_moisture_mean": 94.84427180609998,
    "healthy_moisture_std": 2.686329027465909,
    "n_rows": 100
  },
  "coffee": {
    "healthy_N_mean": 101.2,
    "healthy_N_std": 12.345203133364814,
    "healthy_P_mean": 28.74,
    "healthy_P_std": 7.2761128483427315,
    "healthy_K_mean": 29.94,
    "healthy_K_std": 3.2468166227580797,
    "healthy_pH_mean": 6.790308274570001,
    "healthy_pH_std": 0.4171324702056589,
    "healthy_moisture_mean": 58.86984630029999,
    "healthy_moisture_std": 5.838565891159534,
    "n_rows": 100
  },
  "cotton": {
    "healthy_N_mean": 117.77,
    "healthy_N_std": 11.628817392125217,
    "healthy_P_mean": 46.24,
    "healthy_P_std": 7.348634175302527,
    "healthy_K_mean": 19.56,
    "healthy_K_std": 3.169679587413953,
    "healthy_pH_mean": 6.912675495780002,
    "healthy_pH_std": 0.6271695156348295,
    "healthy_moisture_mean": 79.8434742538,
    "healthy_moisture_std": 3.050955248540687,
    "n_rows": 100
  },
  "grapes": {
    "healthy_N_mean": 23.18,
    "healthy_N_std": 12.466828713903876,
    "healthy_P_mean": 132.53,
    "healthy_P_std": 7.619028544348417,
    "healthy_K_mean": 200.11,
    "healthy_K_std": 3.265661564606084,
    "healthy_pH_mean": 6.025936681099999,
    "healthy_pH_std": 0.2982654359447702,
    "healthy_moisture_mean": 81.87522752119999,
    "healthy_moisture_std": 1.177111249739479,
    "n_rows": 100
  },
  "jute": {
    "healthy_N_mean": 78.4,
    "healthy_N_std": 10.968273806895517,
    "healthy_P_mean": 46.86,
    "healthy_P_std": 7.195705790134962,
    "healthy_K_mean": 39.99,
    "healthy_K_std": 3.313562579716425,
    "healthy_pH_mean": 6.7327775681699995,
    "healthy_pH_std": 0.4463492309437702,
    "healthy_moisture_mean": 79.6398642063,
    "healthy_moisture_std": 5.507797617052861,
    "n_rows": 100
  },
  "kidneybeans": {
    "healthy_N_mean": 20.75,
    "healthy_N_std": 10.83426569414435,
    "healthy_P_mean": 67.54,
    "healthy_P_std": 7.57110402528034,
    "healthy_K_mean": 20.05,
    "healthy_K_std": 3.10221491417622,
    "healthy_pH_mean": 5.749410585869999,
    "healthy_pH_std": 0.14521966486306637,
    "healthy_moisture_mean": 21.605356729499995,
    "healthy_moisture_std": 2.1673233613639016,
    "n_rows": 100
  },
  "lentil": {
    "healthy_N_mean": 18.77,
    "healthy_N_std": 12.196915490186338,
    "healthy_P_mean": 68.36,
    "healthy_P_std": 7.335426698460345,
    "healthy_K_mean": 19.41,
    "healthy_K_std": 2.9681644159311653,
    "healthy_pH_mean": 6.9279315716099985,
    "healthy_pH_std": 0.5492655929922283,
    "healthy_moisture_mean": 64.80478467849998,
    "healthy_moisture_std": 2.93546107081744,
    "n_rows": 100
  },
  "maize": {
    "healthy_N_mean": 77.76,
    "healthy_N_std": 11.94948965564233,
    "healthy_P_mean": 48.44,
    "healthy_P_std": 8.010498162291832,
    "healthy_K_mean": 19.79,
    "healthy_K_std": 2.9415003386748473,
    "healthy_pH_mean": 6.245189722399999,
    "healthy_pH_std": 0.41268128727999803,
    "healthy_moisture_mean": 65.0922494467,
    "healthy_moisture_std": 5.448698597665185,
    "n_rows": 100
  },
  "mango": {
    "healthy_N_mean": 20.07,
    "healthy_N_std": 12.329036925695029,
    "healthy_P_mean": 27.18,
    "healthy_P_std": 7.6638730087958455,
    "healthy_K_mean": 29.92,
    "healthy_K_std": 3.0966909677097183,
    "healthy_pH_mean": 5.766372799659999,
    "healthy_pH_std": 0.703654566120494,
    "healthy_moisture_mean": 50.1565726953,
    "healthy_moisture_std": 2.7562849325094296,
    "n_rows": 100
  },
  "mothbeans": {
    "healthy_N_mean": 21.44,
    "healthy_N_std": 11.343417973130114,
    "healthy_P_mean": 48.01,
    "healthy_P_std": 7.547151446042072,
    "healthy_K_mean": 20.23,
    "healthy_K_std": 3.047950130825634,
    "healthy_pH_mean": 6.83117408269,
    "healthy_pH_std": 1.8621628667627972,
    "healthy_moisture_mean": 53.16041802789999,
    "healthy_moisture_std": 6.994600415359221,
    "n_rows": 100
  },
  "mungbean": {
    "healthy_N_mean": 20.99,
    "healthy_N_std": 11.510640663527312,
    "healthy_P_mean": 47.28,
    "healthy_P_std": 7.870261120255801,
    "healthy_K_mean": 19.87,
    "healthy_K_std": 3.148368184031566,
    "healthy_pH_mean": 6.72395694037,
    "healthy_pH_std": 0.2865744216638046,
    "healthy_moisture_mean": 85.49997454300001,
    "healthy_moisture_std": 2.8513562351210218,
    "n_rows": 100
  },
  "muskmelon": {
    "healthy_N_mean": 100.32,
    "healthy_N_std": 12.17621460143513,
    "healthy_P_mean": 17.72,
    "healthy_P_std": 7.187362646908936,
    "healthy_K_mean": 50.08,
    "healthy_K_std": 3.2182560055364955,
    "healthy_pH_mean": 6.358805451789998,
    "healthy_pH_std": 0.2315230186978067,
    "healthy_moisture_mean": 92.34280196090002,
    "healthy_moisture_std": 1.5051167915529051,
    "n_rows": 100
  },
  "orange": {
    "healthy_N_mean": 19.58,
    "healthy_N_std": 11.941930202848154,
    "healthy_P_mean": 16.55,
    "healthy_P_std": 7.691494712283881,
    "healthy_K_mean": 10.01,
    "healthy_K_std": 3.0566866593312003,
    "healthy_pH_mean": 7.01695745276,
    "healthy_pH_std": 0.576320979011226,
    "healthy_moisture_mean": 92.17020876340001,
    "healthy_moisture_std": 1.430342527132013,
    "n_rows": 100
  },
  "papaya": {
    "healthy_N_mean": 49.88,
    "healthy_N_std": 12.219606699022185,
    "healthy_P_mean": 59.05,
    "healthy_P_std": 7.057305119913376,
    "healthy_K_mean": 50.04,
    "healthy_K_std": 3.097473718103744,
    "healthy_pH_mean": 6.74144237274,
    "healthy_pH_std": 0.14735058833009018,
    "healthy_moisture_mean": 92.40338768259998,
    "healthy_moisture_std": 1.4204458059328464,
    "n_rows": 100
  },
  "pigeonpeas": {
    "healthy_N_mean": 20.73,
    "healthy_N_std": 11.849949921046633,
    "healthy_P_mean": 67.73,
    "healthy_P_std": 7.294463100132314,
    "healthy_K_mean": 20.29,
    "healthy_K_std": 2.815164562712367,
    "healthy_pH_mean": 5.794174879789999,
    "healthy_pH_std": 0.8302739883761486,
    "healthy_moisture_mean": 48.0616330847,