{
  "cnn_only_accuracy": 0.9918864097363083,
  "rf_only_accuracy": 0.7786511156186613,
  "fusion_accuracy": 0.9972109533468559,
  "r2": 0.9927957399880757,
  "mae": 0.006085192697768763
}